Symbol,Name,Last Sale,Net Change,% Change,Market Cap,Country,IPO Year,Volume,Sector,Industry
A,Agilent Technologies Inc. Common Stock,$126.92,-0.15,-0.118%,36467628003.00,United States,1999,1444974,Industrials,Biotechnology: Laboratory Analytical Instruments
AA,Alcoa Corporation Common Stock ,$43.98,-0.04,-0.091%,11362445335.00,United States,2016,4401013,Industrials,Aluminum
ABEV,Ambev S.A. American Depositary Shares (Each representing 1 Common Share),$2.18,-0.03,-1.357%,34343356559.00,Brazil,2013,24277080,Consumer Staples,Beverages (Production/Distribution)
ACI,Albertsons Companies Inc. Class A Common Stock,$19.01,0.13,0.689%,11013406982.00,United States,2020,3729846,Consumer Staples,Food Chains
ACM,AECOM Common Stock,$109.13,2.20,2.057%,14630703991.00,United States,2007,1680145,Consumer Discretionary,Military/Government/Technical
ADM,Archer-Daniels-Midland Company Common Stock,$52.71,-0.64,-1.20%,25202866296.00,United States,,2609866,Consumer Staples,Packaged Foods
AEE,Ameren Corporation Common Stock,$92.35,1.13,1.239%,24650779282.00,United States,,1564017,Utilities,Power Generation
AEG,Aegon Ltd. New York Registry Shares,$6.46,0.02,0.311%,14240980542.00,Netherlands,,3033661,Finance,Life Insurance
AEM,Agnico Eagle Mines Limited Common Stock,$79.99,3.23,4.208%,39985904177.00,Canada,,3487255,Basic Materials,Precious Metals
AER,AerCap Holdings N.V. Ordinary Shares,$94.94,-0.33,-0.346%,19224701370.00,Netherlands,2006,1109174,Consumer Discretionary,Diversified Commercial Services
AFG,American Financial Group Inc. Common Stock,$139.64,1.82,1.321%,11720160727.00,United States,,467664,Finance,Property-Casualty Insurers
AFL,AFLAC Incorporated Common Stock,$112.04,0.72,0.647%,62241403841.00,United States,,1850439,Finance,Accident &Health Insurance
AGR,Avangrid Inc. Common Stock,$35.97,0.00,0.00%,13917189533.00,United States,2015,610617,Utilities,Electric Utilities: Central
AIG,American International Group Inc. New Common Stock,$76.31,0.54,0.713%,47599841006.00,United States,,3277391,Finance,Life Insurance
AIT,Applied Industrial Technologies Inc. Common Stock,$267.26,0.53,0.199%,10275219073.00,United States,,194592,Consumer Discretionary,Industrial Specialties
AIZ,Assurant Inc. Common Stock,$221.60,2.78,1.27%,11365282522.00,United States,2004,502191,Finance,Property-Casualty Insurers
AJG,Arthur J. Gallagher & Co. Common Stock,$293.59,-0.99,-0.336%,64413646000.00,United States,,728124,Finance,Specialty Insurers
ALB,Albemarle Corporation Common Stock,$104.03,0.50,0.483%,12227721466.00,United States,,1698742,Industrials,Major Chemicals
ALC,Alcon Inc. Ordinary Shares,$85.81,0.68,0.799%,42879257000.00,Switzerland,2019,1968095,Health Care,Ophthalmic Goods
ALL,Allstate Corporation (The) Common Stock,$199.97,3.09,1.569%,52952747696.00,United States,,1108725,Finance,Property-Casualty Insurers
ALLE,Allegion plc Ordinary Shares,$138.64,-1.12,-0.801%,12051875518.00,United States,2013,619708,Consumer Discretionary,Diversified Commercial Services
ALLY,Ally Financial Inc. Common Stock,$35.71,-0.51,-1.408%,10881364937.00,United States,2014,2958556,Finance,Major Banks
ALSN,Allison Transmission Holdings Inc. Common Stock,$117.41,1.30,1.12%,10170385883.00,United States,2012,671886,Consumer Discretionary,Auto Parts:O.E.M.
AMCR,Amcor plc Ordinary Shares,$10.15,-0.07,-0.685%,14670233602.00,,2019,7196500,Consumer Discretionary,Miscellaneous manufacturing industries
AME,AMETEK Inc.,$193.24,0.14,0.073%,44697896083.00,United States,,818774,Industrials,Industrial Machinery/Components
AMH,American Homes 4 Rent Common Shares of Beneficial Interest,$37.44,-0.16,-0.426%,13834352825.00,United States,2013,2388957,Real Estate,Real Estate Investment Trusts
AMP,Ameriprise Financial Inc. Common Stock,$565.04,2.60,0.462%,54817110373.00,United States,,533806,Finance,Investment Managers
AMT,American Tower Corporation (REIT) Common Stock,$198.84,2.39,1.217%,92915824097.00,United States,,2374143,Real Estate,Real Estate Investment Trusts
AMX,America Movil S.A.B. de C.V. American Depositary Shares (each representing the right to receive twenty (20) Series B Shares,$14.93,-0.17,-1.126%,46618925000.00,Mexico,2023,2074481,Telecommunications,Telecommunications Equipment
ANET,Arista Networks Inc. Common Stock,$370.47,-3.92,-1.047%,116675778455.00,United States,2014,2612091,Telecommunications,Computer Communications Equipment
AON,Aon plc Class A Ordinary Shares (Ireland),$380.51,1.22,0.322%,82291481442.00,United States,,972013,Finance,Specialty Insurers
AOS,A.O. Smith Corporation Common Stock,$72.15,-0.08,-0.111%,10461422655.00,United States,,801748,Consumer Discretionary,Consumer Electronics/Appliances
APD,Air Products and Chemicals Inc. Common Stock,$327.89,10.79,3.403%,72894702061.00,United States,,1898351,Industrials,Major Chemicals
APH,Amphenol Corporation Common Stock,$69.88,-0.64,-0.908%,84248230081.00,United States,,7200238,Technology,Electrical Products
APO,Apollo Global Management Inc. (New) Common Stock,$164.31,0.68,0.416%,92969301885.00,United States,,2977023,Finance,Investment Managers
APOS,Apollo Global Management Inc. 7.625% Fixed-Rate Resettable Junior Subordinated Notes due 2053,$26.95,-0.06,-0.222%,15348948603.00,United States,1987,22950,Finance,Investment Managers
APTV,Aptiv PLC Ordinary Shares,$52.71,-0.22,-0.416%,12388733803.00,United Kingdom,2011,5193195,Consumer Discretionary,Auto Parts:O.E.M.
AQNB,Algonquin Power & Utilities Corp. 6.20% Fixed-to-Floating Subordinated Notes Series 2019-A due July 1 2079,$25.71,0.025,0.097%,19719312900.00,United States,2019,9206,Utilities,Electric Utilities: Central
ARE,Alexandria Real Estate Equities Inc. Common Stock,$105.22,-0.36,-0.341%,18388484892.00,United States,,1744483,Real Estate,Real Estate Investment Trusts
ARES,Ares Management Corporation Class A Common Stock,$167.43,0.22,0.132%,52414998729.00,United States,2014,975476,Finance,Investment Managers
ASX,ASE Technology Holding Co. Ltd. American Depositary Shares (each representing Two Common Shares) ,$9.78,0.24,2.516%,21439846749.00,Taiwan,2018,12256004,Technology,Semiconductors
ATO,Atmos Energy Corporation Common Stock,$146.97,2.08,1.436%,22814568584.00,United States,,1209919,Utilities,Oil/Gas Transmission
ATR,AptarGroup Inc. Common Stock,$166.69,0.20,0.12%,11092094676.00,United States,,384407,Industrials,Plastic Products
AU,AngloGold Ashanti PLC Ordinary Shares,$24.82,0.99,4.154%,10417695026.00,South Africa,,2640172,Basic Materials,Precious Metals
AVB,AvalonBay Communities Inc. Common Stock,$229.22,-0.19,-0.083%,32603618548.00,United States,,547862,Real Estate,Real Estate Investment Trusts
AVTR,Avantor Inc. Common Stock,$20.18,-0.56,-2.70%,13734786484.00,United States,2019,9922771,Industrials,Biotechnology: Laboratory Analytical Instruments
AVY,Avery Dennison Corporation Common Stock,$198.31,0.58,0.293%,15933497162.00,United States,,554972,Consumer Discretionary,Containers/Packaging
AWK,American Water Works Company Inc. Common Stock,$136.67,2.44,1.818%,26636147810.00,United States,2008,1372258,Utilities,Water Supply
AZO,AutoZone Inc. Common Stock,$3166.93,59.40,1.911%,53534699963.00,United States,,130373,Consumer Discretionary,Auto & Home Supply Stores
BA,Boeing Company (The) Common Stock,$143.87,3.68,2.625%,105067650272.00,United States,,12251315,Industrials,Aerospace
BAH,Booz Allen Hamilton Holding Corporation Common Stock,$140.54,-8.85,-5.924%,17957181442.00,United States,2010,4290927,Consumer Discretionary,Professional Services
BALL,Ball Corporation Common Stock,$60.86,-0.06,-0.098%,18162204047.00,United States,,2524841,Industrials,Containers/Packaging
BAM,Brookfield Asset Management Inc Class A Limited Voting Shares,$55.47,-0.30,-0.538%,21671905400.00,,2022,997114,Consumer Discretionary,Other Consumer Services
BAP,Credicorp Ltd. Common Stock,$193.15,0.81,0.421%,18229944529.00,Peru,,293193,Finance,Commercial Banks
BAX,Baxter International Inc. Common Stock,$33.02,1.06,3.317%,16859601925.00,United States,,7004276,Health Care,Medical/Dental Instruments
BBD,Banco Bradesco Sa American Depositary Shares,$2.39,0.01,0.42%,25434786845.00,Brazil,,33568178,Finance,Major Banks
BBDO,Banco Bradesco Sa American Depositary Shares (each representing one Common Share),$2.15,0.01,0.467%,22880665990.00,Brazil,,33757,Finance,Major Banks
BBVA,Banco Bilbao Vizcaya Argentaria S.A. Common Stock,$9.96,0.14,1.426%,58145886185.00,Spain,,2676776,Finance,Commercial Banks
BBY,Best Buy Co. Inc. Common Stock,$89.00,-3.66,-3.95%,19110546894.00,United States,,3501105,Consumer Discretionary,Consumer Electronics/Video Chains
BCE,BCE Inc. Common Stock,$27.23,0.41,1.529%,24841468895.00,Canada,,4042530,Telecommunications,Telecommunications Equipment
BCH,Banco De Chile ADS,$23.13,0.08,0.347%,11682625441.00,Chile,,160533,Finance,Commercial Banks
BCS,Barclays PLC Common Stock,$13.26,0.05,0.379%,48269939107.00,United Kingdom,,8532502,Finance,Commercial Banks
BDX,Becton Dickinson and Company Common Stock,$224.10,-1.05,-0.466%,64774405874.00,United States,,1319485,Health Care,Medical/Dental Instruments
BEKE,KE Holdings Inc American Depositary Shares (each representing three Class A Ordinary Shares),$20.55,1.03,5.277%,24599178021.00,China,2020,7572079,Finance,Real Estate
BEN,Franklin Resources Inc. Common Stock,$21.80,0.13,0.60%,11415955359.00,United States,,4017654,Finance,Investment Managers
BEP,Brookfield Renewable Partners L.P. ,$24.91,-0.27,-1.072%,11991621888.00,Canada,,434529,Utilities,Electric Utilities: Central
BEPC,Brookfield Renewable Corporation Class A Subordinate Voting Shares ,$30.05,-0.04,-0.133%,11242082578.00,United States,2020,926637,Utilities,Electric Utilities: Central
BG,Bunge Limited Common Shares,$91.31,0.71,0.784%,12749350866.00,United States,,2566817,Consumer Staples,Packaged Foods
BHP,BHP Group Limited American Depositary Shares (Each representing two Ordinary Shares),$52.49,0.65,1.254%,133069318664.00,Australia,,2485176,Energy,Coal Mining
BIP,Brookfield Infrastructure Partners LP Limited Partnership Units,$34.35,0.15,0.439%,15847165438.00,Bermuda,,240052,Consumer Discretionary,Marine Transportation
BIPJ,Brookfield Infrastructure Corporation 7.250% Subordinated Notes due 2084,$25.90,0.05,0.193%,11948808875.00,Canada,2024,21989,Utilities,Oil & Gas Production
BJ,BJ's Wholesale Club Holdings Inc. Common Stock,$86.81,-0.46,-0.527%,11509752290.00,United States,2018,1396567,Consumer Discretionary,Department/Specialty Retail Stores
BK,The Bank of New York Mellon Corporation Common Stock,$78.65,0.36,0.46%,57184709868.00,United States,,2638879,Finance,Major Banks
BKDT,Brookdale Senior Living Inc. 7.00% Tangible Equity Units,$74.01,0.00,0.00%,14743719271.00,United States,2022,1,Health Care,Hospital/Nursing Management
BLD,TopBuild Corp. Common Stock,$350.85,3.81,1.098%,10350973176.00,United States,2015,259954,Consumer Discretionary,Engineering & Construction
BLDR,Builders FirstSource Inc. Common Stock,$178.30,2.02,1.146%,20519651934.00,United States,2005,1001224,Consumer Discretionary,RETAIL: Building Materials
BLK,BlackRock Inc. Common Stock,$1049.97,2.60,0.248%,162618230132.00,United States,1999,563238,Finance,Investment Bankers/Brokers/Service
BMO,Bank Of Montreal Common Stock,$93.05,-0.13,-0.14%,67871914637.00,Canada,,2467496,Finance,Commercial Banks
BMY,Bristol-Myers Squibb Company Common Stock,$56.80,0.58,1.032%,115200435083.00,United States,,10678903,Health Care,Biotechnology: Pharmaceutical Preparations
BN,Brookfield Corporation Class A Limited Voting Shares,$56.11,-0.68,-1.197%,84602487650.00,Canada,1925,2171233,Real Estate,Building operators
BNH,Brookfield Finance Inc. 4.625% Subordinated Notes due October 16 2080,$18.03,-0.12,-0.661%,27185579261.00,Canada,2020,23215,Real Estate,Building operators
BNJ,Brookfield Finance Inc. 4.50% Perpetual Subordinated Notes,$16.8557,0.0557,0.332%,25414973286.00,Canada,2020,21214,Real Estate,Building operators
BNS,Bank Nova Scotia Halifax Pfd 3 Ordinary Shares,$55.24,1.31,2.429%,67921424538.00,Canada,,1725538,Finance,Major Banks
BP,BP p.l.c. Common Stock,$29.42,0.44,1.518%,79766029678.00,United Kingdom,,10182592,Energy,Integrated oil Companies
BR,Broadridge Financial Solutions Inc. Common Stock,$227.08,-0.70,-0.307%,26543236777.00,United States,,418085,Consumer Discretionary,Business Services
BRO,Brown & Brown Inc. Common Stock,$109.78,-0.27,-0.245%,31392512054.00,United States,,1231428,Finance,Specialty Insurers
BSBR,Banco Santander Brasil SA American Depositary Shares each representing one unit,$4.44,-0.05,-1.114%,33122360040.00,Brazil,2009,197070,Finance,Commercial Banks
BSX,Boston Scientific Corporation Common Stock,$90.45,3.46,3.977%,133307696018.00,United States,,9010762,Health Care,Medical/Dental Instruments
BTI,British American Tobacco  Industries p.l.c. Common Stock ADR,$36.68,0.29,0.797%,81236924435.00,United Kingdom,1998,3953762,Health Care, Medicinal Chemicals and Botanical Products 
BUD,Anheuser-Busch Inbev SA Sponsored ADR (Belgium),$56.50,0.25,0.444%,98151645360.00,Belgium,,1233357,Consumer Staples,Beverages (Production/Distribution)
BURL,Burlington Stores Inc. Common Stock,$271.80,2.86,1.063%,17303428904.00,United States,2013,592810,Consumer Discretionary,Department/Specialty Retail Stores
BWXT,BWX Technologies Inc. Common Stock,$126.19,-0.06,-0.048%,11539255896.00,United States,,856132,Industrials,Industrial Machinery/Components
BX,Blackstone Inc. Common Stock,$183.01,1.60,0.882%,132133713944.00,United States,2007,2082826,Finance,Investment Managers
BXP,BXP Inc. Common Stock,$78.41,-0.12,-0.153%,12397459752.00,United States,1997,1066277,Real Estate,Real Estate Investment Trusts
C,Citigroup Inc. Common Stock,$69.00,0.24,0.349%,130497271407.00,United States,,11519041,Finance,Major Banks
CACI,CACI International Inc. Class A Common Stock,$448.00,-22.79,-4.841%,10038852992.00,United States,,537690,Technology,EDP Services
CAG,ConAgra Brands Inc. Common Stock,$26.61,-0.09,-0.337%,12700234690.00,United States,,5860938,Consumer Staples,Packaged Foods
CAH,Cardinal Health Inc. Common Stock,$120.03,1.25,1.052%,29048520675.00,United States,,1702395,Health Care,Other Pharmaceuticals
CARR,Carrier Global Corporation Common Stock ,$74.05,-0.48,-0.644%,66439686082.00,United States,2020,4798530,Industrials,Industrial Machinery/Components
CAT,Caterpillar Inc. Common Stock,$384.46,0.39,0.102%,185618244536.00,United States,,1626166,Industrials,Construction/Ag Equipment/Trucks
CAVA,CAVA Group Inc. Common Stock,$137.24,-4.14,-2.928%,15724919949.00,United States,2023,6315494,Consumer Discretionary,Restaurants
CB,Chubb Limited  Common Stock,$288.73,0.73,0.253%,116386484674.00,Switzerland,,1126364,Finance,Property-Casualty Insurers
CBRE,CBRE Group Inc Common Stock Class A,$132.67,2.44,1.874%,40599405937.00,United States,,1872929,Finance,Real Estate
CCI,Crown Castle Inc. Common Stock,$104.59,0.79,0.761%,45454626575.00,United States,,1580602,Real Estate,Real Estate Investment Trusts
CCJ,Cameco Corporation Common Stock,$55.90,2.31,4.311%,24326593975.00,Canada,1996,6850410,Basic Materials,Other Metals and Minerals
CCK,Crown Holdings Inc.,$89.38,-0.48,-0.534%,10692734080.00,United States,,1452227,Industrials,Containers/Packaging
CCL,Carnival Corporation Common Stock,$24.51,0.20,0.823%,32888673916.00,United States,1987,24142076,Consumer Discretionary,Marine Transportation
CF,CF Industries Holdings Inc. Common Stock,$87.38,0.31,0.356%,15205861396.00,United States,2005,1900531,Industrials,Agricultural Chemicals
CFG,Citizens Financial Group Inc. Common Stock,$46.57,-0.21,-0.449%,20523423822.00,United States,2014,4758393,Finance,Major Banks
CHD,Church & Dwight Company Inc. Common Stock,$110.29,1.27,1.165%,27020778135.00,United States,,1361714,Consumer Discretionary,Package Goods/Cosmetics
CHT,Chunghwa Telecom Co. Ltd.,$37.86,0.26,0.691%,29369692638.00,Taiwan,,96420,Telecommunications,Telecommunications Equipment
CHWY,Chewy Inc. Class A Common Stock,$31.85,0.14,0.442%,13325569098.00,United States,2019,3204556,Consumer Discretionary,Catalog/Specialty Distribution
CI,The Cigna Group Common Stock,$322.45,0.93,0.289%,89690307805.00,United States,,1194358,Health Care,Medical Specialities
CL,Colgate-Palmolive Company Common Stock,$94.62,1.06,1.133%,77305576751.00,United States,,4487695,Consumer Discretionary,Package Goods/Cosmetics
CLH,Clean Harbors Inc. Common Stock,$243.57,-3.82,-1.544%,13128204518.00,United States,,270740,Industrials,Environmental Services
CLX,Clorox Company (The) Common Stock,$169.10,1.46,0.871%,20931420874.00,United States,,1364004,Consumer Discretionary,Specialty Chemicals
CM,Canadian Imperial Bank of Commerce Common Stock,$64.01,0.43,0.676%,60463200587.00,Canada,,676085,Finance,Commercial Banks
CMG,Chipotle Mexican Grill Inc. Common Stock,$58.81,0.18,0.307%,80134094330.00,United States,2006,5885376,Consumer Discretionary,Restaurants
CMI,Cummins Inc. Common Stock,$364.02,2.17,0.60%,49936937765.00,United States,,476089,Industrials,Industrial Machinery/Components
CMS,CMS Energy Corporation Common Stock,$68.50,0.27,0.396%,20466763253.00,United States,,2284248,Utilities,Power Generation
CNA,CNA Financial Corporation Common Stock,$48.93,-0.06,-0.122%,13252319415.00,United States,,244402,Finance,Property-Casualty Insurers
CNC,Centene Corporation Common Stock,$58.83,1.37,2.384%,29701207950.00,United States,,5238269,Health Care,Medical Specialities
CNH,CNH Industrial N.V. Common Shares,$10.99,0.09,0.826%,13726323170.00,United Kingdom,2013,14049509,Industrials,Construction/Ag Equipment/Trucks
CNI,Canadian National Railway Company Common Stock,$108.53,-0.37,-0.34%,68319635000.00,Canada,,926464,Industrials,Railroads
CNP,CenterPoint Energy Inc (Holding Co) Common Stock,$31.15,0.29,0.94%,20301304647.00,United States,,4830626,Utilities,Electric Utilities: Central
CNQ,Canadian Natural Resources Limited Common Stock,$33.66,0.56,1.692%,71854271280.00,Canada,,3848649,Energy,Oil & Gas Production
COF,Capital One Financial Corporation Common Stock,$182.86,-2.28,-1.232%,69762980041.00,United States,1994,2513987,Finance,Major Banks
COHR,Coherent Corp. Common Stock,$95.35,0.24,0.252%,14747210684.00,United States,,2061133,Technology,Electronic Components
COP,ConocoPhillips Common Stock,$113.76,1.44,1.282%,130927803497.00,United States,,5089011,Energy,Integrated oil Companies
COR,Cencora Inc. Common Stock,$242.87,2.63,1.095%,47856762631.00,United States,,1246529,Health Care,Other Pharmaceuticals
CP,Canadian Pacific Kansas City Limited Common Shares,$73.95,-0.04,-0.054%,69004603733.00,Canada,,7873047,Industrials,Railroads
CPAY,Corpay Inc. Common Stock,$364.57,1.21,0.333%,25414532708.00,United States,,566495,Consumer Discretionary,Business Services
CPNG,Coupang Inc. Class A Common Stock,$24.36,-0.12,-0.49%,43820217274.00,United States,2021,5237727,Consumer Discretionary,Catalog/Specialty Distribution
CPT,Camden Property Trust Common Stock,$119.89,0.12,0.10%,12790023575.00,United States,1993,749628,Real Estate,Real Estate Investment Trusts
CQP,Cheniere Energy Partners LP Common Units,$53.42,0.42,0.792%,25857770601.00,United States,2007,167951,Utilities,Oil/Gas Transmission
CRBG,Corebridge Financial Inc. Common Stock,$30.80,0.32,1.05%,17521199604.00,United States,2022,4385024,Finance,Life Insurance
CRH,CRH PLC Ordinary Shares,$99.65,1.36,1.384%,67788235952.00,Ireland,,3124686,Industrials,Building Materials
CSL,Carlisle Companies Incorporated Common Stock,$439.13,-6.21,-1.394%,19904651462.00,United States,,314241,Industrials,Specialty Chemicals
CTLT,Catalent Inc. Common Stock,$58.78,-0.32,-0.541%,10669251025.00,United States,2014,1724277,Health Care,Biotechnology: Pharmaceutical Preparations
CTRA,Coterra Energy Inc. Common Stock,$26.12,0.54,2.111%,19240332082.00,United States,,6002729,Energy,Oil & Gas Production
CTVA,Corteva Inc. Common Stock ,$56.99,1.78,3.224%,39168828070.00,United States,2019,4190664,Consumer Staples,Farming/Seeds/Milling
CUBE,CubeSmart Common Shares,$48.62,0.29,0.60%,10995572960.00,United States,,719762,Real Estate,Real Estate Investment Trusts
CUK,Carnival Plc ADS ADS,$22.25,0.15,0.679%,29856099332.00,United States,,1492145,Consumer Discretionary,Marine Transportation
CVE,Cenovus Energy Inc Common Stock,$15.98,0.36,2.305%,29660509960.00,Canada,,7143656,Energy,Oil & Gas Production
CVNA,Carvana Co. Class A Common Stock,$244.69,3.69,1.531%,50804928911.00,United States,2017,1622933,Consumer Discretionary,Retail-Auto Dealers and Gas Stations
CVS,CVS Health Corporation Common Stock,$56.05,2.86,5.377%,70533748502.00,United States,,18702552,Consumer Staples,Retail-Drug Stores and Proprietary Stores
CW,Curtiss-Wright Corporation Common Stock,$353.11,-5.24,-1.462%,13399882899.00,United States,,277312,Technology,Industrial Machinery/Components
D,Dominion Energy Inc. Common Stock,$57.71,0.08,0.139%,48476955516.00,United States,,4293390,Utilities,Electric Utilities: Central
DAL,Delta Air Lines Inc. Common Stock,$63.24,-0.83,-1.295%,40807584416.00,United States,,6628945,Consumer Discretionary,Air Freight/Delivery Services
DAY,Dayforce Inc. Common Stock,$74.65,0.09,0.121%,11772305000.00,United States,2018,1154270,Technology,Computer Software: Prepackaged Software
DB,Deutsche Bank AG Common Stock,$17.10,0.12,0.707%,34884000000.00,Germany,,1222179,Finance,Major Banks
DD,DuPont de Nemours Inc. Common Stock,$81.89,0.04,0.049%,34226368607.00,United States,2017,1396409,Industrials,Major Chemicals
DE,Deere & Company Common Stock,$404.53,5.58,1.399%,110679334376.00,United States,,1457252,Industrials,Industrial Machinery/Components
DECK,Deckers Outdoor Corporation Common Stock,$176.45,0.79,0.45%,26806634783.00,United States,1993,1685852,Consumer Discretionary,Shoe Manufacturing
DELL,Dell Technologies Inc. Class C Common Stock ,$136.01,4.37,3.32%,95531347943.00,United States,2018,6513160,Technology,Computer Manufacturing
DEO,Diageo plc Common Stock,$118.92,0.76,0.643%,66151922013.00,United Kingdom,,985105,Consumer Staples,Beverages (Production/Distribution)
DFS,Discover Financial Services Common Stock,$173.22,-2.85,-1.619%,43490612159.00,United States,,1068832,Finance,Finance: Consumer Services
DG,Dollar General Corporation Common Stock,$77.09,1.21,1.595%,16953261535.00,United States,2009,3251627,Consumer Discretionary,Department/Specialty Retail Stores
DGX,Quest Diagnostics Incorporated Common Stock,$162.11,1.67,1.041%,18093936992.00,United States,,897107,Health Care,Medical Specialities
DHI,D.R. Horton Inc. Common Stock,$161.45,-0.16,-0.099%,52639173499.00,United States,,1958353,Consumer Discretionary,Homebuilding
DHR,Danaher Corporation Common Stock,$230.06,-0.44,-0.191%,166166618938.00,United States,,3932731,Industrials,Industrial Machinery/Components
DKS,Dick's Sporting Goods Inc Common Stock,$200.48,2.23,1.125%,16321622707.00,United States,2002,1064384,Consumer Discretionary,Other Specialty Stores
DLR,Digital Realty Trust Inc. Common Stock,$183.29,3.62,2.015%,60799603554.00,United States,2004,2316409,Real Estate,Real Estate Investment Trusts
DOC,Healthpeak Properties Inc. Common Stock,$20.87,0.01,0.048%,14597374972.00,United States,,5344644,Real Estate,Real Estate Investment Trusts
DOV,Dover Corporation Common Stock,$200.53,-0.65,-0.323%,27511104942.00,United States,,613590,Industrials,Industrial Machinery/Components
DOW,Dow Inc. Common Stock ,$44.22,0.18,0.409%,30958054532.00,United States,2019,5076137,Industrials,Major Chemicals
DPZ,Domino's Pizza Inc Common Stock,$444.90,14.47,3.362%,15363277012.00,United States,2004,855497,Consumer Discretionary,Food Distributors
DRI,Darden Restaurants Inc. Common Stock,$164.45,-2.33,-1.397%,19322953278.00,United States,,1112114,Consumer Discretionary,Restaurants
DT,Dynatrace Inc. Common Stock,$52.42,0.07,0.134%,15646532381.00,United States,2019,3776881,Technology,Computer Software: Prepackaged Software
DTE,DTE Energy Company Common Stock,$120.50,0.41,0.341%,24955620613.00,United States,,1551995,Utilities,Electric Utilities: Central
DUK,Duke Energy Corporation (Holding Company) Common Stock,$113.54,1.37,1.221%,87707652264.00,United States,,5030791,Utilities,Power Generation
DUKB,Duke Energy Corporation 5.625% Junior Subordinated Debentures due 2078,$24.79,-0.02,-0.081%,19149838820.00,United States,2018,26331,Utilities,Power Generation
DVA,DaVita Inc. Common Stock,$157.41,-2.92,-1.821%,12907620000.00,United States,,940558,Health Care,Misc Health and Biotechnology Services
DVN,Devon Energy Corporation Common Stock,$38.77,0.30,0.78%,25468013000.00,United States,1985,6569304,Energy,Oil & Gas Production
E,ENI S.p.A. Common Stock,$29.92,0.23,0.775%,50504030894.00,Italy,,302128,Energy,Oil & Gas Production
EBR,Centrais Electricas Brasileiras S A American Depositary Shares (Each representing one Common Share),$6.21,0.01,0.161%,13946506691.00,Brazil,2016,931213,Utilities,Electric Utilities: Central
EC,Ecopetrol S.A. American Depositary Shares,$8.16,0.24,3.03%,16775611438.00,Colombia,,5212808,Energy,Oil & Gas Production
ECCF,Eagle Point Credit Company Inc. 8.00% Series F Term Preferred Stock due 2029,$24.925,0.025,0.10%,27135170238.00,United States,,17019,,
ECL,Ecolab Inc. Common Stock,$245.97,0.73,0.298%,69649312127.00,United States,,787568,Consumer Discretionary,Package Goods/Cosmetics
ED,Consolidated Edison Inc. Common Stock,$96.45,0.01,0.01%,33411455726.00,United States,,1838709,Utilities,Power Generation
EDR,Endeavor Group Holdings Inc. Class A Common Stock,$29.10,0.12,0.414%,19909070812.00,United States,2021,898043,Consumer Discretionary,Services-Misc. Amusement & Recreation
EFX,Equifax Inc. Common Stock,$245.29,-2.98,-1.20%,30404189759.00,United States,,1587035,Finance,Finance: Consumer Services
EG,Everest Group Ltd. Common Stock,$373.33,2.00,0.539%,16045195138.00,Bermuda,,234422,Finance,Property-Casualty Insurers
EIX,Edison International Common Stock,$84.08,0.40,0.478%,32551594618.00,United States,,2438597,Utilities,Electric Utilities: Central
EL,Estee Lauder Companies Inc. (The) Common Stock,$64.57,0.82,1.286%,23179211139.00,United States,1995,3266812,Consumer Discretionary,Package Goods/Cosmetics
ELS,Equity Lifestyle Properties Inc. Common Stock,$70.99,0.10,0.141%,13562584625.00,United States,,1008713,Real Estate,Real Estate Investment Trusts
ELV,Elevance Health Inc. Common Stock,$400.70,0.01,0.002%,92931471971.00,United States,,1465539,Health Care,Medical Specialities
EME,EMCOR Group Inc. Common Stock,$500.85,1.99,0.399%,23040131250.00,United States,,402004,Industrials,Engineering & Construction
EMN,Eastman Chemical Company Common Stock,$104.01,2.40,2.362%,12056069110.00,United States,,1180561,Industrials,Major Chemicals
EMR,Emerson Electric Company Common Stock,$129.16,2.38,1.877%,73647032000.00,United States,,3399138,Technology,Consumer Electronics/Appliances
ENB,Enbridge Inc Common Stock,$42.56,0.38,0.901%,90486422490.00,Canada,,4073161,Energy,Natural Gas Distribution
EOG,EOG Resources Inc. Common Stock,$136.54,1.98,1.471%,76796979118.00,United States,,3060668,Energy,Oil & Gas Production
EPAM,EPAM Systems Inc. Common Stock,$233.40,-1.89,-0.803%,13238781062.00,United States,2012,558270,Technology,EDP Services
EPD,Enterprise Products Partners L.P. Common Stock,$31.49,0.40,1.287%,68256935679.00,United States,,4316913,Utilities,Natural Gas Distribution
EQH,Equitable Holdings Inc. Common Stock,$47.12,-0.32,-0.675%,14764458901.00,United States,2018,2339318,Finance,Specialty Insurers
EQNR,Equinor ASA,$24.22,0.26,1.085%,71321436748.00,Norway,,3141677,Energy,Integrated oil Companies
EQR,Equity Residential Common Shares of Beneficial Interest,$74.42,0.83,1.128%,28237141604.00,United States,,1924243,Real Estate,Real Estate Investment Trusts
EQT,EQT Corporation Common Stock,$44.28,1.57,3.676%,26421167520.00,United States,,7273090,Energy,Oil & Gas Production
ES,Eversource Energy (D/B/A) Common Stock,$62.07,0.22,0.356%,22742577540.00,United States,,1683994,Utilities,Electric Utilities: Central
ESS,Essex Property Trust Inc. Common Stock,$302.54,0.78,0.258%,19443484912.00,United States,1994,250299,Real Estate,Real Estate Investment Trusts
ET,Energy Transfer LP Common Units ,$17.58,0.29,1.677%,60192452369.00,United States,,17172880,Utilities,Natural Gas Distribution
ETN,Eaton Corporation PLC Ordinary Shares,$357.83,-1.16,-0.323%,141414416000.00,Ireland,,1611900,Technology,Industrial Machinery/Components
ETR,Entergy Corporation Common Stock,$149.27,0.15,0.101%,32004684250.00,United States,,1400067,Utilities,Electric Utilities: Central
EVR,Evercore Inc. Class A Common Stock,$297.37,-2.01,-0.671%,11320516380.00,United States,2006,256339,Finance,Investment Managers
EW,Edwards Lifesciences Corporation Common Stock,$69.89,2.13,3.143%,41221122000.00,United States,,7060803,Health Care,Industrial Specialties
EXP,Eagle Materials Inc Common Stock,$300.20,-1.08,-0.358%,10069730481.00,United States,,189249,Industrials,Building Materials
EXPD,Expeditors International of Washington Inc. Common Stock,$120.33,0.17,0.141%,16843296557.00,United States,,1004516,Consumer Discretionary,Oil Refining/Marketing
EXR,Extra Space Storage Inc Common Stock,$164.90,0.34,0.207%,34956090528.00,United States,2004,769781,Real Estate,Real Estate Investment Trusts
F,Ford Motor Company Common Stock,$11.21,0.20,1.817%,44551775128.00,United States,,47726520,Consumer Discretionary,Auto Manufacturing
FCX,Freeport-McMoRan Inc. Common Stock,$43.55,0.85,1.991%,62578201771.00,United States,,11886670,Basic Materials,Metal Mining
FDX,FedEx Corporation Common Stock,$295.21,0.75,0.255%,72126729807.00,United States,,1459995,Consumer Discretionary,Air Freight/Delivery Services
FE,FirstEnergy Corp. Common Stock,$41.69,0.18,0.434%,24026655897.00,United States,,2724418,Utilities,Electric Utilities: Central
FERG,Ferguson Enterprises Inc. Common Stock,$200.82,0.88,0.44%,40444958627.00,United Kingdom,2021,1221483,Miscellaneous,Miscellaneous
FHN,First Horizon Corporation Common Stock,$20.28,-0.08,-0.393%,10751203527.00,United States,,4514868,Finance,Major Banks
FI,Fiserv Inc. Common Stock,$212.74,1.82,0.863%,121031771684.00,United States,,1748861,Consumer Discretionary,Business Services
FICO,Fair Isaac Corporation Common Stock,$2272.31,11.31,0.50%,55325983466.00,United States,,97971,Consumer Discretionary,Business Services
FIS,Fidelity National Information Services Inc. Common Stock,$88.42,0.60,0.683%,47601291981.00,United States,,2755520,Consumer Discretionary,Business Services
FIX,Comfort Systems USA Inc. Common Stock,$451.00,5.98,1.344%,16052243658.00,United States,1997,246347,Industrials,Engineering & Construction
FLUT,Flutter Entertainment plc Ordinary Shares,$267.00,1.55,0.584%,47479099581.00,,2024,1938125,Technology,Computer Software: Programming Data Processing
FMS,Fresenius Medical Care AG American Depositary Shares (Each representing 1/2 of an Ordinary Share),$22.12,-0.06,-0.271%,12980610984.00,Germany,,247190,Health Care,Misc Health and Biotechnology Services
FMX,Fomento Economico Mexicano S.A.B. de C.V. Common Stock,$90.17,0.09,0.10%,161404300000.00,Mexico,,539381,Consumer Staples,Beverages (Production/Distribution)
FND,Floor & Decor Holdings Inc. Common Stock,$102.45,-0.44,-0.428%,10985850885.00,United States,2017,1791780,Consumer Discretionary,RETAIL: Building Materials
FNF,FNF Group of Fidelity National Financial Inc. Common Stock,$61.04,0.30,0.494%,16702937195.00,United States,2014,709559,Finance,Specialty Insurers
FNV,Franco-Nevada Corporation,$118.46,4.51,3.958%,22794866527.00,Canada,,771025,Basic Materials,Precious Metals
FTI,TechnipFMC plc Ordinary Share,$28.51,0.33,1.171%,12128581621.00,,,3723327,Industrials,Metal Fabrications
FTS,Fortis Inc. Common Shares,$44.22,0.05,0.113%,21897744000.00,United States,2016,512468,Utilities,Electric Utilities: Central
FTV,Fortive Corporation Common Stock ,$74.61,-0.21,-0.281%,25885885333.00,United States,2016,2277764,Industrials,Industrial Machinery/Components
GD,General Dynamics Corporation Common Stock,$286.00,-1.99,-0.691%,78641025034.00,United States,,1286952,Industrials,Marine Transportation
GDDY,GoDaddy Inc. Class A Common Stock,$185.02,2.10,1.148%,25975215903.00,United States,2015,1202997,Technology,EDP Services
GE,GE Aerospace Common Stock,$177.52,0.59,0.333%,192128831590.00,United States,,2833753,Technology,Consumer Electronics/Appliances
GEV,GE Vernova Inc. Common Stock,$325.37,-4.39,-1.331%,89689206849.00,United States,2024,1815429,,
GFI,Gold Fields Limited American Depositary Shares,$14.54,0.88,6.442%,12992083421.00,South Africa,,3036404,Basic Materials,Precious Metals
GFL,GFL Environmental Inc. Subordinate voting shares no par value,$45.05,1.05,2.386%,16963090284.00,Canada,2020,882461,Utilities,Environmental Services
GGG,Graco Inc. Common Stock,$90.17,0.55,0.614%,15225166268.00,United States,,1627897,Industrials,Fluid Controls
GIB,CGI Inc. Common Stock,$109.57,2.18,2.03%,24972181097.00,Canada,,195223,Consumer Discretionary,Professional Services
GIS,General Mills Inc. Common Stock,$62.88,-0.33,-0.522%,34908391506.00,United States,,4859802,Consumer Staples,Packaged Foods
GLW,Corning Incorporated Common Stock,$46.44,-0.05,-0.108%,39762334722.00,United States,,3590029,Industrials,Telecommunications Equipment
GM,General Motors Company Common Stock,$56.25,-0.79,-1.385%,61852266000.00,United States,2010,12273059,Consumer Discretionary,Auto Manufacturing
GME,GameStop Corporation Common Stock,$26.44,-0.15,-0.564%,11276913612.00,United States,2002,8492080,Consumer Discretionary,Electronics Distribution
GMED,Globus Medical Inc. Class A Common Stock,$81.83,0.73,0.90%,11142573596.00,United States,2012,760506,Health Care,Medical/Dental Instruments
GNRC,Generac Holdlings Inc. Common Stock,$181.94,0.12,0.066%,10824931302.00,United States,2010,932719,Consumer Discretionary,Metal Fabrications
GOLD,Barrick Gold Corporation Common Stock (BC),$17.20,0.55,3.303%,30147031336.00,Canada,,31096803,Basic Materials,Precious Metals
GPC,Genuine Parts Company Common Stock,$124.19,1.57,1.28%,17266941321.00,United States,,905763,Consumer Discretionary,Automotive Aftermarket
GPN,Global Payments Inc. Common Stock,$116.06,0.06,0.052%,29536670550.00,United States,,1428438,Consumer Discretionary,Business Services
GRMN,Garmin Ltd. Common Stock (Switzerland),$209.27,0.84,0.403%,40185065263.00,Switzerland,2000,938752,Industrials,Industrial Machinery/Components
GS,Goldman Sachs Group Inc. (The) Common Stock,$587.99,-5.55,-0.935%,184575835650.00,United States,1999,1848864,Finance,Investment Bankers/Brokers/Service
GSK,GSK plc American Depositary Shares (Each representing two Ordinary Shares),$33.69,0.34,1.019%,69824004261.00,United Kingdom,2022,8801338,Health Care,Biotechnology: Pharmaceutical Preparations
GWRE,Guidewire Software Inc. Common Stock,$194.04,1.82,0.947%,16110343308.00,United States,2012,1039452,Technology,Computer Software: Prepackaged Software
GWW,W.W. Grainger Inc. Common Stock,$1172.13,-6.20,-0.526%,57082924401.00,United States,,191937,Industrials,Office Equipment/Supplies/Services
H,Hyatt Hotels Corporation Class A Common Stock,$152.72,-0.22,-0.144%,14666983074.00,United States,2009,525110,Consumer Discretionary,Hotels/Resorts
HAL,Halliburton Company Common Stock,$30.45,0.76,2.56%,26750385443.00,United States,,9278260,Energy,Oilfield Services/Equipment
HCA,HCA Healthcare Inc. Common Stock,$335.85,-7.11,-2.073%,85069831035.00,United States,2011,1496184,Health Care,Hospital/Nursing Management
HDB,HDFC Bank Limited Common Stock,$62.32,0.42,0.679%,157813157485.00,India,2001,4134863,Finance,Commercial Banks
HEI,Heico Corporation Common Stock,$269.66,-0.75,-0.277%,37374304590.00,United States,2000,496621,Industrials,Aerospace
HES,Hess Corporation Common Stock,$146.88,1.24,0.851%,45256407238.00,United States,,1363695,Energy,Integrated oil Companies
HIG,Hartford Financial Services Group Inc. (The) Common Stock,$118.13,0.18,0.153%,34244823239.00,United States,,875932,Finance,Property-Casualty Insurers
HLI,Houlihan Lokey Inc. Class A Common Stock,$184.17,0.05,0.027%,12799887563.00,United States,2015,282511,Finance,Investment Managers
HLN,Haleon plc American Depositary Shares (Each representing two Ordinary Shares),$9.43,0.04,0.426%,43066278139.00,United Kingdom,2022,5871677,Consumer Discretionary,Package Goods/Cosmetics
HLT,Hilton Worldwide Holdings Inc. Common Stock ,$249.04,0.63,0.254%,60710922886.00,United States,2016,1003853,Consumer Discretionary,Hotels/Resorts
HMC,Honda Motor Company Ltd. Common Stock,$26.52,0.70,2.711%,42687541204.00,Japan,,1161681,Consumer Discretionary,Auto Manufacturing
HPE,Hewlett Packard Enterprise Company Common Stock,$21.38,0.31,1.471%,27765535502.00,United States,2015,12030678,Technology,Retail: Computer Software & Peripheral Equipment
HPQ,HP Inc. Common Stock,$37.43,0.71,1.934%,36071957217.00,United States,,7623792,Technology,Computer Manufacturing
HRL,Hormel Foods Corporation Common Stock,$29.40,0.19,0.65%,16121890399.00,United States,,2885247,Consumer Staples,Meat/Poultry/Fish
HSBC,HSBC Holdings plc. Common Stock,$46.45,0.71,1.552%,169862298635.00,United Kingdom,,1042881,Finance,Savings Institutions
HSY,The Hershey Company Common Stock,$169.99,-0.93,-0.544%,34398284292.00,United States,,1640709,Consumer Staples,Specialty Foods
HUBB,Hubbell Inc Common Stock,$444.93,7.32,1.673%,23879637367.00,United States,2015,550624,Technology,Electrical Products
HUBS,HubSpot Inc. Common Stock,$668.32,-8.75,-1.292%,34501062966.00,United States,2014,371143,Technology,Computer Software: Prepackaged Software
HUM,Humana Inc. Common Stock,$271.35,-4.32,-1.567%,32673617923.00,United States,,1929764,Health Care,Medical Specialities
HWM,Howmet Aerospace Inc. Common Stock,$113.17,1.16,1.036%,45976517647.00,United States,,1817374,Industrials,Metal Fabrications
IBM,International Business Machines Corporation Common Stock,$208.09,3.10,1.512%,192409409680.00,United States,,3405858,Technology,Computer Manufacturing
IBN,ICICI Bank Limited Common Stock,$29.75,0.29,0.984%,104663302391.00,India,,5995058,Finance,Commercial Banks
ICE,Intercontinental Exchange Inc. Common Stock,$157.69,2.14,1.376%,90541891812.00,United States,2005,3973835,Finance,Investment Bankers/Brokers/Service
IEX,IDEX Corporation Common Stock,$226.66,-1.17,-0.514%,17163444991.00,United States,1989,659599,Industrials,Fluid Controls
IFF,International Flavors & Fragrances Inc. Common Stock,$86.61,0.47,0.546%,22144646515.00,United States,,1786575,Industrials,Major Chemicals
IHG,Intercontinental Hotels Group American Depositary Shares (Each representing one Ordinary Share),$121.76,0.56,0.462%,19400763536.00,United Kingdom,,81482,Consumer Discretionary,Hotels/Resorts
INFY,Infosys Limited American Depositary Shares,$21.60,0.07,0.325%,89680938372.00,India,,4816443,Technology,EDP Services
ING,ING Group N.V. Common Stock,$15.89,0.15,0.953%,55586310112.00,Netherlands,1997,1922664,Finance,Commercial Banks
INVH,Invitation Homes Inc. Common Stock,$34.15,0.36,1.065%,20920477074.00,United States,2017,2195258,Finance,Real Estate
IOT,Samsara Inc. Class A Common Stock,$49.49,-0.02,-0.04%,27534315986.00,United States,2021,1923798,Technology,EDP Services
IP,International Paper Company Common Stock,$57.70,0.12,0.208%,20045458102.00,United States,,3876484,Basic Materials,Paper
IPG,Interpublic Group of Companies Inc. (The) Common Stock,$27.52,0.43,1.587%,10251437167.00,United States,,6701983,Consumer Discretionary,Advertising
IQV,IQVIA Holdings Inc. Common Stock,$191.04,-1.64,-0.851%,34673760000.00,United States,2013,3143995,Health Care,Biotechnology: Commercial Physical & Biological Resarch
IR,Ingersoll Rand Inc. Common Stock,$101.65,-0.78,-0.761%,40966212900.00,United States,2017,1829216,Industrials,Industrial Machinery/Components
IRM,Iron Mountain Incorporated (Delaware)Common Stock REIT,$115.50,0.62,0.54%,33894672851.00,United States,,1440319,Real Estate,Real Estate Investment Trusts
IT,Gartner Inc. Common Stock,$520.73,-2.13,-0.407%,40166133624.00,United States,1993,368098,Consumer Discretionary,Other Consumer Services
ITT,ITT Inc. Common Stock ,$153.47,0.87,0.57%,12507805000.00,United States,2011,482976,Industrials,Fluid Controls
ITUB,Itau Unibanco Banco Holding SA American Depositary Shares (Each repstg 500 Preferred shares),$5.96,0.00,0.00%,58413165294.00,Brazil,,18350198,Finance,Major Banks
ITW,Illinois Tool Works Inc. Common Stock,$270.06,-0.56,-0.207%,79748718000.00,United States,,711349,Industrials,Industrial Machinery/Components
IX,Orix Corp Ads Common Stock,$108.63,0.76,0.705%,26396243881.00,Japan,,100200,Finance,Diversified Financial Services
J,Jacobs Solutions Inc. Common Stock,$140.35,0.34,0.243%,17438252694.00,United States,2022,809236,Industrials,Military/Government/Technical
JBL,Jabil Inc. Common Stock,$128.29,0.03,0.023%,14476653358.00,United States,1993,795088,Technology,Electrical Products
JCI,Johnson Controls International plc Ordinary Share,$83.65,-0.75,-0.889%,55879333374.00,Switzerland,,3439191,Industrials,Industrial Machinery/Components
JEF,Jefferies Financial Group Inc. Common Stock,$73.83,-0.37,-0.499%,15171962007.00,United States,,1127321,Finance,Investment Bankers/Brokers/Service
JHX,James Hardie Industries plc American Depositary Shares (Ireland),$35.82,-0.33,-0.913%,15538165590.00,Ireland,,64911,Industrials,Building Materials
JLL,Jones Lang LaSalle Incorporated Common Stock,$262.26,1.06,0.406%,12442838105.00,United States,,206754,Finance,Real Estate
JNPR,Juniper Networks Inc. Common Stock,$35.61,-0.90,-2.465%,11790081320.00,United States,1999,13354016,Telecommunications,Computer Communications Equipment
K,Kellanova Common Stock,$80.60,0.03,0.037%,27782650256.00,United States,,2480664,Consumer Staples,Packaged Foods
KB,KB Financial Group Inc,$65.26,1.12,1.746%,24711601220.00,South Korea,,64969,Finance,Commercial Banks
KEP,Korea Electric Power Corporation Common Stock,$8.57,0.38,4.64%,11003264280.00,South Korea,1994,111392,Utilities,Electric Utilities: Central
KEY,KeyCorp Common Stock,$19.23,0.07,0.365%,19062371821.00,United States,,7320348,Finance,Major Banks
KEYS,Keysight Technologies Inc. Common Stock,$151.42,2.05,1.372%,26277934814.00,United States,2014,1936824,Industrials,Industrial Machinery/Components
KGC,Kinross Gold Corporation Common Stock,$9.75,0.50,5.405%,11982750000.00,Canada,2001,19916603,Basic Materials,Precious Metals
KIM,Kimco Realty Corporation (HC) Common Stock,$25.10,0.21,0.844%,16919443316.00,United States,,3014276,Real Estate,Real Estate Investment Trusts
KKR,KKR & Co. Inc. Common Stock,$152.45,2.43,1.62%,135410497177.00,United States,,3196370,Finance,Investment Managers
KKRS,KKR Group Finance Co. IX LLC 4.625% Subordinated Notes due 2061,$19.43,-0.08,-0.41%,17258287702.00,United States,2021,13741,,
KMB,Kimberly-Clark Corporation Common Stock,$136.01,1.93,1.439%,45357336333.00,United States,,2038321,Consumer Discretionary,Containers/Packaging
KMI,Kinder Morgan Inc. Common Stock,$27.78,0.51,1.87%,61717163228.00,United States,2011,15941045,Utilities,Natural Gas Distribution
KMX,CarMax Inc,$77.10,-0.93,-1.192%,11944666691.00,United States,,1933715,Consumer Discretionary,Retail-Auto Dealers and Gas Stations
KNSL,Kinsale Capital Group Inc. Common Stock,$462.75,-2.49,-0.535%,10776511820.00,United States,,148530,Finance,Property-Casualty Insurers
KOF,Coca Cola Femsa S.A.B. de C.V.  American Depositary Shares each representing 10 Units (each Unit consists of 3 Series B Shares and 5 Series L Shares),$77.84,0.28,0.361%,16352878312.00,Mexico,1993,183500,Consumer Staples,Beverages (Production/Distribution)
KR,Kroger Company (The) Common Stock,$58.06,0.04,0.069%,42005613301.00,United States,,2873887,Consumer Staples,Food Chains
KVUE,Kenvue Inc. Common Stock,$23.72,-0.10,-0.42%,45477346429.00,United States,2023,14591632,Consumer Discretionary,Specialty Chemicals
L,Loews Corporation Common Stock,$84.41,0.74,0.884%,18382534455.00,United States,,521104,Finance,Property-Casualty Insurers
LDOS,Leidos Holdings Inc. Common Stock,$158.84,-1.81,-1.127%,21194515034.00,United States,,2738214,Technology,EDP Services
LEN,Lennar Corporation Class A Common Stock,$167.92,-0.93,-0.551%,45547434708.00,United States,,1661796,Consumer Discretionary,Homebuilding
LH,Labcorp Holdings Inc. Common Stock,$238.64,3.43,1.458%,19959673245.00,United States,,632083,Health Care,Medical Specialities
LHX,L3Harris Technologies Inc. Common Stock,$244.27,-2.73,-1.105%,46330291274.00,United States,,741606,Industrials,Industrial Machinery/Components
LII,Lennox International Inc. Common Stock,$620.20,10.05,1.647%,22093558256.00,United States,1999,190486,Industrials,Industrial Machinery/Components
LMT,Lockheed Martin Corporation Common Stock,$530.96,-3.87,-0.724%,125856248552.00,United States,,1298414,Industrials,Military/Government/Technical
LNG,Cheniere Energy Inc. Common Stock,$214.75,2.45,1.154%,48182397924.00,United States,2001,1482970,Utilities,Oil/Gas Transmission
LOW,Lowe's Companies Inc. Common Stock,$271.77,2.37,0.88%,154173536309.00,United States,,2600539,Consumer Discretionary,RETAIL: Building Materials
LUV,Southwest Airlines Company Common Stock,$32.33,-0.27,-0.828%,19389504290.00,United States,,6988052,Consumer Discretionary,Air Freight/Delivery Services
LVS,Las Vegas Sands Corp. Common Stock,$49.14,1.18,2.46%,35627786387.00,United States,2004,4904646,Consumer Discretionary,Hotels/Resorts
LW,Lamb Weston Holdings Inc. Common Stock ,$76.82,1.35,1.789%,10954361152.00,United States,2016,2215153,Consumer Staples,Packaged Foods
LYB,LyondellBasell Industries NV Ordinary Shares Class A (Netherlands),$83.20,0.55,0.665%,27019767341.00,Netherlands,,1712340,Industrials,Major Chemicals
LYG,Lloyds Banking Group Plc American Depositary Shares,$2.83,0.00,0.00%,173995483847.00,United Kingdom,,9558282,Finance,Commercial Banks
LYV,Live Nation Entertainment Inc. Common Stock,$132.60,3.60,2.791%,30810098631.00,United States,,2641476,Consumer Discretionary,Services-Misc. Amusement & Recreation
MAA,Mid-America Apartment Communities Inc. Common Stock,$158.52,0.43,0.272%,18527863729.00,United States,1994,510007,Real Estate,Real Estate Investment Trusts
MAS,Masco Corporation Common Stock,$77.08,-1.34,-1.709%,16629924672.00,United States,,2355640,Industrials,Industrial Specialties
MCK,McKesson Corporation Common Stock,$615.60,9.31,1.536%,78144323713.00,United States,,628252,Health Care,Other Pharmaceuticals
MCO,Moody's Corporation Common Stock,$471.94,-1.37,-0.289%,85940274000.00,United States,,525056,Finance,Finance: Consumer Services
MDT,Medtronic plc. Ordinary Shares,$87.59,0.06,0.069%,112333342282.00,United States,,10339791,Health Care,Biotechnology: Electromedical & Electrotherapeutic Apparatus
MET,MetLife Inc. Common Stock,$83.37,0.04,0.048%,57727090666.00,United States,2000,1883361,Finance,Life Insurance
MFC,Manulife Financial Corporation Common Stock,$32.33,-0.33,-1.01%,57490589142.00,Canada,,5692388,Finance,Life Insurance
MFG,Mizuho Financial Group Inc. Sponosred ADR (Japan),$4.88,0.00,0.00%,61940985805.00,Japan,,895566,Finance,Major Banks
MGA,Magna International Inc. Common Stock,$43.72,-0.18,-0.41%,12559885753.00,Canada,,918985,Consumer Discretionary,Auto Parts:O.E.M.
MGM,MGM Resorts International Common Stock,$37.15,-0.13,-0.349%,11061058869.00,United States,,3342742,Consumer Discretionary,Hotels/Resorts
MKC,McCormick & Company Incorporated Common Stock,$74.62,0.65,0.879%,20024802773.00,United States,,1855552,Consumer Staples,Packaged Foods
MKL,Markel Group Inc. Common Stock,$1706.27,-1.37,-0.08%,21946556621.00,United States,1986,52473,Finance,Property-Casualty Insurers
MLI,Mueller Industries Inc. Common Stock,$90.36,1.68,1.894%,10277103546.00,United States,,578918,Industrials,Metal Fabrications
MLM,Martin Marietta Materials Inc. Common Stock,$581.64,-1.39,-0.238%,35548706673.00,United States,1994,380835,Industrials,Mining & Quarrying of Nonmetallic Minerals (No Fuels)
MMC,Marsh & McLennan Companies Inc. Common Stock,$223.67,1.53,0.689%,109849152839.00,United States,,1684767,Finance,Specialty Insurers
MMM,3M Company Common Stock,$130.17,0.38,0.293%,70885193873.00,United States,,2433029,Health Care,Medical/Dental Instruments
MO,Altria Group Inc.,$56.34,0.41,0.733%,95485763406.00,United States,,8717985,Health Care, Medicinal Chemicals and Botanical Products 
MOH,Molina Healthcare Inc Common Stock,$292.19,-2.15,-0.73%,16713268000.00,United States,2003,928560,Health Care,Medical Specialities
MPC,Marathon Petroleum Corporation Common Stock,$159.92,2.40,1.524%,51396521204.00,United States,,2099377,Energy,Integrated oil Companies
MPLX,MPLX LP Common Units Representing Limited Partner Interests,$47.46,0.44,0.936%,48352822124.00,United States,2012,1864693,Energy,Natural Gas Distribution
MRO,Marathon Oil Corporation Common Stock,$28.99,0.40,1.399%,16217305061.00,United States,,5381765,Energy,Oil & Gas Production
MSCI,MSCI Inc. Common Stock,$593.12,-0.74,-0.125%,46483581897.00,United States,,653251,Consumer Discretionary,Business Services
MSI,Motorola Solutions Inc. Common Stock,$490.35,1.35,0.276%,81947585229.00,United States,,664290,Technology,Radio And Television Broadcasting And Communications Equipment
MT,Arcelor Mittal NY Registry Shares NEW,$25.56,0.29,1.148%,20940586083.00,Luxembourg,,1561233,Industrials,Steel/Iron Ore
MTB,M&T Bank Corporation Common Stock,$214.82,0.08,0.037%,35643183162.00,United States,,745242,Finance,Major Banks
MTD,Mettler-Toledo International Inc. Common Stock,$1174.56,-5.02,-0.426%,24786349726.00,Switzerland,1997,162878,Industrials,Biotechnology: Laboratory Analytical Instruments
MTZ,MasTec Inc. Common Stock,$138.48,3.16,2.335%,10972458507.00,United States,,803967,Industrials,Water Sewer Pipeline Comm & Power Line Construction
MUFG,Mitsubishi UFJ Financial Group Inc. Common Stock,$11.75,0.07,0.599%,137794935733.00,Japan,,1390116,Finance,Commercial Banks
MUSA,Murphy USA Inc. Common Stock,$521.00,-8.19,-1.548%,10549780579.00,United States,2013,146112,Consumer Discretionary,Retail-Auto Dealers and Gas Stations
NCLH,Norwegian Cruise Line Holdings Ltd. Ordinary Shares,$26.10,-0.32,-1.211%,11476386056.00,United States,,15978750,Consumer Discretionary,Marine Transportation
NEE,NextEra Energy Inc. Common Stock,$76.39,0.04,0.052%,157088742811.00,United States,,9044308,Technology,EDP Services
NEM,Newmont Corporation,$42.36,1.43,3.494%,48224762290.00,United States,,10008914,Basic Materials,Precious Metals
NET,Cloudflare Inc. Class A Common Stock,$92.29,2.52,2.807%,31673366508.00,United States,2019,3139878,Technology,Computer Software: Prepackaged Software
NGG,National Grid Transco PLC National Grid PLC (NEW) American Depositary Shares,$62.90,0.15,0.239%,61465610096.00,United Kingdom,,577663,Utilities,Natural Gas Distribution
NI,NiSource Inc Common Stock,$36.81,0.24,0.656%,17182132892.00,United States,,5888287,Utilities,Power Generation
NKE,Nike Inc. Common Stock,$74.89,-1.77,-2.309%,111473445669.00,United States,,12593957,Consumer Discretionary,Shoe Manufacturing
NLY,Annaly Capital Management Inc. Common Stock,$19.72,0.03,0.152%,11054009479.00,United States,,5327022,Real Estate,Real Estate Investment Trusts
NMR,Nomura Holdings Inc ADR American Depositary Shares,$6.01,0.15,2.56%,17854238512.00,Japan,,594569,Finance,Investment Bankers/Brokers/Service
NOC,Northrop Grumman Corporation Common Stock,$488.68,-5.31,-1.075%,71198399729.00,United States,,875948,Industrials,Industrial Machinery/Components
NOK,Nokia Corporation Sponsored American Depositary Shares,$4.46,0.00,0.00%,25036195086.00,Finland,1994,4722857,Technology,Radio And Television Broadcasting And Communications Equipment
NRG,NRG Energy Inc. Common Stock,$93.23,1.04,1.128%,18885262955.00,United States,,2707941,Utilities,Electric Utilities: Central
NSC,Norfolk Southern Corporation Common Stock,$262.22,0.96,0.367%,59324564170.00,United States,,794814,Industrials,Railroads
NTR,Nutrien Ltd. Common Shares,$45.60,-0.59,-1.277%,22560926314.00,Canada,2018,2229243,Industrials,Agricultural Chemicals
NU,Nu Holdings Ltd. Class A Ordinary Shares,$13.65,-0.41,-2.916%,65055042152.00,Cayman Islands,2021,51444520,Finance,Finance: Consumer Services
NUE,Nucor Corporation Common Stock,$147.25,0.17,0.116%,34576201881.00,United States,,1569042,Industrials,Steel/Iron Ore
NVR,NVR Inc. Common Stock,$8865.629999999999,-160.37,-1.777%,27163190982.00,United States,1998,25775,Consumer Discretionary,Homebuilding
NVT,nVent Electric plc Ordinary Shares ,$73.39,0.57,0.783%,12095829801.00,United Kingdom,2018,2584079,Industrials,Industrial Machinery/Components
NWG,NatWest Group plc American Depositary Shares (each representing two (2) Ordinary Shares),$10.09,0.01,0.099%,41899511223.00,United Kingdom,2022,2433643,Finance,Commercial Banks
O,Realty Income Corporation Common Stock,$56.77,0.23,0.407%,49685731309.00,United States,,4207691,Real Estate,Real Estate Investment Trusts
OC,Owens Corning Inc Common Stock New,$195.30,1.31,0.675%,16753677891.00,United States,,838309,Industrials,Industrial Machinery/Components
OHI,Omega Healthcare Investors Inc. Common Stock,$39.51,-0.52,-1.299%,10665657254.00,United States,1992,1459253,Real Estate,Real Estate Investment Trusts
OKE,ONEOK Inc. Common Stock,$112.51,2.70,2.459%,65726563329.00,United States,,3637302,Utilities,Oil & Gas Production
OMC,Omnicom Group Inc. Common Stock,$98.33,1.47,1.518%,19183503736.00,United States,,2822879,Consumer Discretionary,Advertising
ONON,On Holding AG Class A Ordinary Shares,$51.49,-0.43,-0.828%,32420821488.00,,2021,3408628,Consumer Discretionary,Shoe Manufacturing
OTIS,Otis Worldwide Corporation Common Stock ,$100.77,1.67,1.685%,40253637003.00,United States,2020,1851448,Technology,Consumer Electronics/Appliances
OVV,Ovintiv Inc. (DE),$44.96,1.17,2.672%,11873936000.00,Canada,,3774854,Energy,Oil & Gas Production
OWL,Blue Owl Capital Inc. Class A Common Stock,$23.08,0.49,2.169%,34470448201.00,United States,2020,4488394,Finance,Investment Managers
OXY,Occidental Petroleum Corporation Common Stock,$50.91,0.94,1.881%,47771044268.00,United States,,11979708,Energy,Oil & Gas Production
PAG,Penske Automotive Group Inc. Common Stock,$160.49,0.26,0.162%,10715782649.00,United States,,152807,Consumer Discretionary,Retail-Auto Dealers and Gas Stations
PAYC,Paycom Software Inc. Common Stock,$218.90,-0.98,-0.446%,12622221213.00,United States,2014,373040,Technology,Computer Software: Prepackaged Software
PBA,Pembina Pipeline Corp. Ordinary Shares (Canada),$41.81,0.17,0.408%,24258747340.00,Canada,,994356,Energy,Oil & Gas Production
PBR,Petroleo Brasileiro S.A.- Petrobras Common Stock,$14.45,0.34,2.41%,93492491718.00,Brazil,,16457323,Energy,Oil & Gas Production
PCG,Pacific Gas & Electric Co. Common Stock,$21.04,0.00,0.00%,60588114843.00,United States,,12479908,Utilities,Power Generation
PCOR,Procore Technologies Inc. Common Stock,$69.12,-0.03,-0.043%,10275649183.00,United States,2021,1589817,Technology,Computer Software: Prepackaged Software
PEG,Public Service Enterprise Group Incorporated Common Stock,$89.43,0.44,0.494%,44556299400.00,United States,,2444710,Utilities,Power Generation
PFE,Pfizer Inc. Common Stock,$24.86,0.06,0.242%,140881372270.00,United States,,64219105,Health Care,Biotechnology: Pharmaceutical Preparations
PFGC,Performance Food Group Company Common Stock,$83.47,0.27,0.325%,13005049861.00,United States,2015,909143,Consumer Discretionary,Food Distributors
PGR,Progressive Corporation (The) Common Stock,$256.52,0.74,0.289%,150272366750.00,United States,,1658276,Finance,Property-Casualty Insurers
PH,Parker-Hannifin Corporation Common Stock,$691.68,-7.23,-1.034%,89033349097.00,United States,,480733,Industrials,Metal Fabrications
PHG,Koninklijke Philips N.V. NY Registry Shares,$25.95,0.11,0.426%,23521161898.00,Netherlands,,545447,Health Care,Medical Electronics
PHM,PulteGroup Inc. Common Stock,$128.57,-0.32,-0.248%,26367416011.00,United States,,1112438,Consumer Discretionary,Homebuilding
PINS,Pinterest Inc. Class A Common Stock,$28.99,0.75,2.656%,19592202321.00,United States,2019,9656004,Technology,Computer Software: Programming Data Processing
PKG,Packaging Corporation of America Common Stock,$238.11,2.30,0.975%,21383454740.00,United States,2000,711700,Consumer Discretionary,Containers/Packaging
PKX,POSCO HOLDINGS INC. American Depositary Shares (Each representing 1/4th of a share of Common Stock),$52.27,2.58,5.192%,15864197360.00,South Korea,1994,267822,Industrials,Steel/Iron Ore
PLD,Prologis Inc. Common Stock,$114.65,1.23,1.084%,106185963750.00,United States,,2411398,Real Estate,Real Estate Investment Trusts
PLTR,Palantir Technologies Inc. Class A Common Stock,$61.26,-4.51,-6.857%,139490000160.00,United States,2020,136880446,Technology,Computer Software: Prepackaged Software
PNC,PNC Financial Services Group Inc. (The) Common Stock,$206.83,-0.85,-0.409%,82066716413.00,United States,,1652501,Finance,Major Banks
PNR,Pentair plc. Ordinary Share,$105.87,-0.05,-0.047%,17493022697.00,Switzerland,,653263,Industrials,Industrial Machinery/Components
PNW,Pinnacle West Capital Corporation Common Stock,$91.58,-0.30,-0.327%,10412629516.00,United States,,1707025,Utilities,Electric Utilities: Central
PPG,PPG Industries Inc. Common Stock,$123.42,0.89,0.726%,28633440000.00,United States,,1747104,Consumer Discretionary,Paints/Coatings
PPL,PPL Corporation Common Stock,$34.00,0.30,0.89%,25090980170.00,United States,,4192009,Utilities,Electric Utilities: Central
PR,Permian Resources Corporation Class A Common Stock,$15.16,0.36,2.432%,12179002045.00,United States,2022,6935875,Energy,Oil & Gas Production
PRI,Primerica Inc. Common Stock,$300.89,2.28,0.764%,10041120546.00,United States,2010,93403,Finance,Life Insurance
PRU,Prudential Financial Inc. Common Stock,$128.14,0.73,0.573%,45617840000.00,United States,2001,1328462,Finance,Life Insurance
PSA,Public Storage Common Stock,$337.29,2.28,0.681%,59062396896.00,United States,,533071,Real Estate,Real Estate Investment Trusts
PSN,Parsons Corporation Common Stock,$94.37,-3.03,-3.111%,10021145487.00,United States,2019,1854951,Technology,EDP Services
PSO,Pearson Plc Common Stock,$15.24,0.22,1.465%,10152916407.00,United Kingdom,,497604,Consumer Discretionary,Books
PSTG,Pure Storage Inc. Class A Common Stock,$49.52,1.33,2.76%,16227302591.00,United States,2015,2523518,Technology,Electronic Components
PSX,Phillips 66 Common Stock,$131.32,0.41,0.313%,54233745290.00,United States,,2356405,Energy,Integrated oil Companies
PUK,Prudential Public Limited Company Common Stock,$16.18,0.05,0.31%,21880840910.00,United Kingdom,,994622,Finance,Life Insurance
PWR,Quanta Services Inc. Common Stock,$328.41,5.08,1.571%,48477123914.00,United States,,911545,Industrials,Engineering & Construction
QSR,Restaurant Brands International Inc. Common Shares,$68.91,1.39,2.059%,22306683825.00,Canada,2014,1140426,Consumer Discretionary,Restaurants
RACE,Ferrari N.V. Common Shares,$434.98,3.99,0.926%,106026793451.00,Italy,2015,243106,Consumer Discretionary,Auto Manufacturing
RBA,RB Global Inc. Common Stock,$94.13,1.37,1.477%,17343829491.00,Canada,,1225927,Consumer Discretionary,Business Services
RBC,RBC Bearings Incorporated Common Stock,$320.13,6.65,2.121%,10055078417.00,United States,2022,160757,Industrials,Metal Fabrications
RBLX,Roblox Corporation Class A Common Stock,$51.03,0.30,0.591%,33487124600.00,United States,2021,14481648,Technology,Computer Software: Prepackaged Software
RCI,Rogers Communication Inc. Common Stock,$35.71,-0.04,-0.112%,18971457759.00,Canada,,532962,Telecommunications,Cable & Other Pay Television Services
RCL,Royal Caribbean Cruises Ltd. Common Stock,$231.76,0.27,0.117%,62314525622.00,United States,1993,1410546,Consumer Discretionary,Marine Transportation
RDDT,Reddit Inc. Class A Common Stock,$129.42,4.64,3.719%,22723339056.00,United States,2024,4314812,Technology,EDP Services
RDY,Dr. Reddy's Laboratories Ltd Common Stock,$14.10,-0.07,-0.494%,11764838793.00,India,,1882008,Health Care,Biotechnology: Pharmaceutical Preparations
RELX,RELX PLC PLC American Depositary Shares (Each representing One Ordinary Share),$45.04,0.59,1.327%,83962338813.00,United Kingdom,2015,810276,Consumer Discretionary,Business Services
RF,Regions Financial Corporation Common Stock,$26.33,-0.03,-0.114%,23930382932.00,United States,,6366197,Finance,Major Banks
RGA,Reinsurance Group of America Incorporated Common Stock,$231.70,-0.25,-0.108%,15260765261.00,United States,,303854,Finance,Life Insurance
RIO,Rio Tinto Plc Common Stock,$62.12,1.14,1.869%,77818884339.00,Australia,2002,3107119,Basic Materials,Metal Mining
RJF,Raymond James Financial Inc. Common Stock,$163.42,2.74,1.705%,33655276965.00,United States,,1000987,Finance,Investment Bankers/Brokers/Service
RKT,Rocket Companies Inc. Class A Common Stock,$13.43,-0.17,-1.25%,26789018663.00,United States,2020,3219996,Finance,Finance: Consumer Services
RL,Ralph Lauren Corporation Common Stock,$207.83,-0.55,-0.264%,12905898834.00,United States,1997,635920,Consumer Discretionary,Apparel
RMD,ResMed Inc. Common Stock,$239.42,4.68,1.994%,35145837507.00,United States,,759609,Health Care,Medical/Dental Instruments
RNR,RenaissanceRe Holdings Ltd. Common Stock,$261.50,1.32,0.507%,13582298233.00,Bermuda,,780722,Finance,Property-Casualty Insurers
ROK,Rockwell Automation Inc. Common Stock,$283.13,-3.02,-1.055%,31964473532.00,United States,,953102,Industrials,Industrial Machinery/Components
ROL,Rollins Inc. Common Stock,$50.05,0.14,0.281%,24239466051.00,United States,,1186177,Finance,Diversified Commercial Services
RPM,RPM International Inc. Common Stock,$136.80,1.55,1.146%,17606426076.00,United States,,850042,Consumer Discretionary,Paints/Coatings
RRX,Regal Rexnord Corporation Common Stock,$172.50,2.77,1.632%,11424344145.00,United States,1976,551046,Consumer Discretionary,Metal Fabrications
RS,Reliance Inc. Common Stock,$310.33,-0.11,-0.035%,16795141527.00,United States,1994,408651,Industrials,Metal Fabrications
RSG,Republic Services Inc. Common Stock,$209.08,1.04,0.50%,65473841486.00,United States,1998,683133,Utilities,Environmental Services
RTO,Rentokil Initial plc American Depositary Shares (each representing five (5) Ordinary Shares),$26.00,0.47,1.841%,13127607402.00,United States,2022,755172,Consumer Discretionary,Other Consumer Services
RTX,RTX Corporation Common Stock,$119.39,0.86,0.726%,158910047638.00,United States,,4462298,Industrials,Aerospace
RVTY,Revvity Inc. Common Stock,$109.47,-0.05,-0.046%,13322733813.00,United States,,1299191,Industrials,Biotechnology: Laboratory Analytical Instruments
RY,Royal Bank Of Canada Common Stock,$122.43,0.96,0.79%,173171824329.00,Canada,,3239310,Finance,Commercial Banks
RYAN,Ryan Specialty Holdings Inc. Class A Common Stock,$70.68,-0.26,-0.367%,18506979767.00,United States,2021,620600,Finance,Specialty Insurers
SAN,Banco Santander S.A. Sponsored ADR (Spain),$4.87,0.05,1.037%,75312867313.00,Spain,,2560871,Finance,Commercial Banks
SBS,Companhia de saneamento Basico Do Estado De Sao Paulo - Sabesp American Depositary Shares (Each repstg 250 Common Shares),$16.73,-0.17,-1.006%,11435120108.00,Brazil,2002,1134961,Utilities,Water Supply
SCCO,Southern Copper Corporation Common Stock,$101.83,2.59,2.61%,79991556428.00,United States,,638652,Basic Materials,Metal Mining
SCHW,Charles Schwab Corporation (The) Common Stock,$81.39,0.75,0.93%,148988935178.00,United States,,9447705,Finance,Investment Bankers/Brokers/Service
SCI,Service Corporation International Common Stock,$86.10,2.04,2.427%,12452553284.00,United States,,1057487,Consumer Discretionary,Other Consumer Services
SE,Sea Limited American Depositary Shares each representing one Class A Ordinary Share,$108.63,5.69,5.527%,62390554960.00,United States,2017,5643416,Consumer Discretionary,Other Consumer Services
SF,Stifel Financial Corporation Common Stock,$114.31,-0.13,-0.114%,11699917819.00,United States,,881806,Finance,Investment Bankers/Brokers/Service
SHG,Shinhan Financial Group Co Ltd American Depositary Shares,$38.18,-0.03,-0.079%,19577156603.00,South Korea,,171300,Finance,Major Banks
SHOP,Shopify Inc. Class A Subordinate Voting Shares,$105.88,-2.61,-2.406%,136626123044.00,Canada,2015,6685661,Technology,Computer Software: Prepackaged Software
SHW,Sherwin-Williams Company (The) Common Stock,$375.35,-3.64,-0.96%,94533132777.00,United States,,1511881,Consumer Discretionary,RETAIL: Building Materials
SJM,The J.M. Smucker Company Common Stock,$110.47,3.55,3.32%,11754695344.00,United States,,1572430,Consumer Staples,Packaged Foods
SLB,Schlumberger N.V. Common Stock,$43.49,0.31,0.718%,61414590420.00,France,,6955454,Energy,Oilfield Services/Equipment
SLF,Sun Life Financial Inc. Common Stock,$60.63,0.39,0.647%,35037091277.00,Canada,,400582,Finance,Life Insurance
SN,SharkNinja Inc. Ordinary Shares,$99.46,-1.42,-1.408%,13833231881.00,United States,2023,1415190,Consumer Discretionary,Consumer Electronics/Appliances
SNA,Snap-On Incorporated Common Stock,$357.34,0.28,0.078%,18762995031.00,United States,,272410,Consumer Discretionary,Industrial Machinery/Components
SNAP,Snap Inc. Class A Common Stock,$10.55,-0.05,-0.472%,17694526444.00,United States,2017,34574210,Technology,Computer Software: Programming Data Processing
SNN,Smith & Nephew SNATS Inc. Common Stock,$25.54,0.65,2.611%,11165757410.00,United Kingdom,,2030924,Health Care,Industrial Specialties
SNOW,Snowflake Inc. Class A Common Stock,$127.43,1.47,1.167%,42714536000.00,United States,2020,4583173,Technology,Computer Software: Prepackaged Software
SO,Southern Company (The) Common Stock,$88.04,0.11,0.125%,96464035207.00,United States,,4991481,Utilities,Electric Utilities: Central
SOJC,Southern Company (The) Series 2017B 5.25% Junior Subordinated Notes due December 1 2077,$24.15,-0.01,-0.041%,26460772947.00,United States,2017,16131,Utilities,Electric Utilities: Central
SOJD,Southern Company (The) Series 2020A 4.95% Junior Subordinated Notes due January 30 2080,$22.04,0.04,0.182%,24148879327.00,United States,2020,116202,Utilities,Electric Utilities: Central
SOJE,Southern Company (The) Series 2020C 4.20% Junior Subordinated Notes due October 15 2060,$20.03,-0.05,-0.249%,21924151712.00,United States,2020,56744,Basic Materials,Metal Mining
SOLV,Solventum Corporation Common Stock,$67.12,-0.36,-0.533%,11595253178.00,United States,2024,939200,Health Care,Medical/Dental Instruments
SONY,Sony Group Corporation American Depositary Shares ,$18.97,0.51,2.763%,115053178901.00,Japan,,2877160,Consumer Staples,Consumer Electronics/Appliances
SPG,Simon Property Group Inc. Common Stock,$180.85,0.58,0.322%,59007401257.00,United States,,1125610,Real Estate,Real Estate Investment Trusts
SPGI,S&P Global Inc. Common Stock,$503.00,-0.29,-0.058%,156080900000.00,United States,,1449660,Finance,Finance: Consumer Services
SPOT,Spotify Technology S.A. Ordinary Shares,$454.36,-3.96,-0.864%,89574070226.00,Luxembourg,2018,2949681,Consumer Discretionary,Broadcasting
SQ,Block Inc. Class A Common Stock,$90.79,6.49,7.699%,56272913060.00,United States,2015,16606440,Technology,Computer Software: Prepackaged Software
SQM,Sociedad Quimica y Minera S.A. Common Stock,$38.74,0.60,1.573%,11065633785.00,Chile,1993,1368064,Industrials,Mining & Quarrying of Nonmetallic Minerals (No Fuels)
SRE,DBA Sempra Common Stock,$92.92,0.73,0.792%,58855459611.00,United States,,2466829,Utilities,Natural Gas Distribution
SREA,DBA Sempra 5.750% Junior Subordinated Notes due 2079,$24.27,-0.09,-0.369%,15366450386.00,United States,2019,36251,Utilities,Natural Gas Distribution
STE,STERIS plc (Ireland) Ordinary Shares,$217.09,-3.03,-1.377%,21428373618.00,United States,,599428,Health Care,Industrial Specialties
STLA,Stellantis N.V. Common Shares,$13.39,0.05,0.375%,40479296132.00,United Kingdom,2014,4524138,Consumer Discretionary,Auto Manufacturing
STM,STMicroelectronics N.V. Common Stock,$24.95,-0.32,-1.266%,22524138471.00,Switzerland,,4470749,Technology,Semiconductors
STT,State Street Corporation Common Stock,$96.12,0.64,0.67%,28177627886.00,United States,,1528028,Finance,Major Banks
STZ,Constellation Brands Inc. Common Stock,$238.06,0.55,0.232%,43222633770.00,United States,,978811,Consumer Staples,Beverages (Production/Distribution)
SU,Suncor Energy  Inc. Common Stock,$40.81,0.33,0.815%,51830030569.00,Canada,,3849788,Energy,Integrated oil Companies
SUI,Sun Communities Inc. Common Stock,$125.27,0.11,0.088%,15958183758.00,United States,1993,531135,Real Estate,Real Estate Investment Trusts
SUZ,Suzano S.A. American Depositary Shares (each representing One Ordinary Share),$10.64,0.00,0.00%,13875811424.00,Brazil,2018,1878445,Basic Materials,Paper
SW,Smurfit WestRock plc Ordinary Shares,$53.44,1.78,3.446%,27797142625.00,,2024,4036637,Consumer Discretionary,Containers/Packaging
SWK,Stanley Black & Decker Inc. Common Stock,$86.58,1.13,1.322%,13347508211.00,United States,,1579425,Consumer Discretionary,Industrial Machinery/Components
SYF,Synchrony Financial Common Stock,$64.05,-0.93,-1.431%,24937507731.00,United States,2014,3020746,Finance,Finance: Consumer Services
SYK,Stryker Corporation Common Stock,$389.40,-0.68,-0.174%,148445422006.00,United States,,2054563,Health Care,Medical/Dental Instruments
SYY,Sysco Corporation Common Stock,$75.76,0.81,1.081%,37215289336.00,United States,,2877275,Consumer Discretionary,Food Distributors
T,AT&T Inc.,$22.99,0.31,1.367%,164959897719.00,United States,,35655338,Telecommunications,Telecommunications Equipment
TAK,Takeda Pharmaceutical Company Limited American Depositary Shares (each representing 1/2 of a share of Common Stock),$13.53,-0.09,-0.661%,42457504336.00,Japan,2018,3790693,Health Care,Biotechnology: Pharmaceutical Preparations
TAP,Molson Coors Beverage Company Class B Common Stock,$61.87,-0.55,-0.881%,12134453776.00,Canada,,1448347,Consumer Staples,Beverages (Production/Distribution)
TBB,AT&T Inc. 5.350% Global Notes due 2066,$23.99,-0.08,-0.332%,172135186876.00,United States,2017,50378,Telecommunications,Telecommunications Equipment
TBC,AT&T Inc. 5.625% Global Notes due 2067,$25.07,-0.03,-0.12%,179884499166.00,United States,2018,93419,Telecommunications,Telecommunications Equipment
TD,Toronto Dominion Bank (The) Common Stock,$56.27,0.34,0.608%,98376841000.00,Canada,,1948636,Finance,Commercial Banks
TDG,Transdigm Group Incorporated Common Stock,$1252.35,-1.81,-0.144%,70420201553.00,United States,2006,268281,Industrials,Military/Government/Technical
TDY,Teledyne Technologies Incorporated Common Stock,$465.89,-4.26,-0.906%,21711555331.00,United States,,261691,Industrials,Industrial Machinery/Components
TECK,Teck Resources Ltd Ordinary Shares,$46.17,1.18,2.623%,23906826000.00,Canada,,2679658,Industrials,Mining & Quarrying of Nonmetallic Minerals (No Fuels)
TEF,Telefonica SA Common Stock,$4.49,0.08,1.814%,25819557071.00,Spain,1988,773048,Telecommunications,Telecommunications Equipment
TEL,TE Connectivity plc Ordinary Shares,$148.36,0.01,0.007%,44383694200.00,Ireland,,1297046,Technology,Electronic Components
TEVA,Teva Pharmaceutical Industries Limited American Depositary Shares,$16.49,0.06,0.365%,18683998029.00,Israel,,8184624,Health Care,Biotechnology: Pharmaceutical Preparations
TFC,Truist Financial Corporation Common Stock,$46.79,0.24,0.516%,62114689997.00,United States,,5174967,Finance,Major Banks
TFII,TFI International Inc. Common Shares,$143.46,-0.20,-0.139%,12137359131.00,Canada,,222409,Industrials,Trucking Freight/Courier Services
TGT,Target Corporation Common Stock,$156.56,4.43,2.912%,72123225709.00,United States,,6502782,Consumer Discretionary,Department/Specialty Retail Stores
THC,Tenet Healthcare Corporation Common Stock,$153.45,-1.89,-1.217%,14592634650.00,United States,,1340992,Health Care,Hospital/Nursing Management
TJX,TJX Companies Inc. (The) Common Stock,$119.67,-0.30,-0.25%,134972543361.00,United States,,5134212,Consumer Discretionary,Clothing/Shoe/Accessory Stores
TKO,TKO Group Holdings Inc. Class A Common Stock,$125.01,5.77,4.839%,21347531666.00,United States,2023,1112808,Consumer Discretionary,Services-Misc. Amusement & Recreation
TLK,PT Telekomunikasi Indonesia Tbk,$16.32,0.49,3.095%,16166953749.00,Indonesia,,594689,Telecommunications,Telecommunications Equipment
TME,Tencent Music Entertainment Group American Depositary Shares each representing two Class A Ordinary Shares,$11.49,0.42,3.794%,19717726235.00,United States,2018,8347552,Consumer Discretionary,Broadcasting
TMO,Thermo Fisher Scientific Inc Common Stock,$501.29,-11.79,-2.298%,191743557842.00,United States,,3162144,Industrials,Industrial Machinery/Components
TOL,Toll Brothers Inc. Common Stock,$152.41,-0.26,-0.17%,15389142520.00,United States,,662074,Consumer Discretionary,Homebuilding
TOST,Toast Inc. Class A Common Stock,$39.82,-0.78,-1.921%,22617760000.00,United States,2021,6616618,Technology,EDP Services
TPL,Texas Pacific Land Corporation Common Stock,$1398.75,38.81,2.854%,32136160958.00,United States,,83429,Energy,Oil & Gas Production
TPR,Tapestry Inc. Common Stock,$56.55,-0.68,-1.188%,13178171663.00,United States,,3249395,Consumer Discretionary,Apparel
TRGP,Targa Resources Inc. Common Stock,$199.00,2.96,1.51%,43394617197.00,United States,2010,1756802,Utilities,Natural Gas Distribution
TRI,Thomson Reuters Corp Common Shares,$161.15,-0.56,-0.346%,72471187263.00,United States,,159833,Consumer Discretionary,Publishing
TRP,TC Energy Corporation Common Stock,$49.90,0.91,1.858%,51746300000.00,Canada,,1737816,Utilities,Natural Gas Distribution
TRU,TransUnion Common Stock,$96.93,1.27,1.328%,18891657000.00,United States,2015,2449331,Finance,Finance: Consumer Services
TRV,The Travelers Companies Inc. Common Stock,$262.69,1.87,0.717%,59635611390.00,United States,,1102050,Finance,Property-Casualty Insurers
TS,Tenaris S.A. American Depositary Shares,$37.50,0.50,1.351%,21897913875.00,Luxembourg,,888204,Industrials,Steel/Iron Ore
TSN,Tyson Foods Inc. Common Stock,$64.54,0.22,0.342%,22967492958.00,United States,,2921709,Consumer Staples,Meat/Poultry/Fish
TT,Trane Technologies plc,$409.27,1.78,0.437%,92095516410.00,Ireland,,917941,Industrials,Auto Parts:O.E.M.
TTE,TotalEnergies SE,$61.35,0.50,0.822%,141201374163.00,France,,1896090,Energy,Oil & Gas Production
TU,Telus Corporation Ordinary Shares,$15.44,0.27,1.78%,22789440000.00,Canada,,3056354,Telecommunications,Telecommunications Equipment
TVE,Tennessee Valley Authority,$22.37,-0.01,-0.045%,17804865515.00,United States,,8582,Utilities,Electric Utilities: Central
TWLO,Twilio Inc. Class A Common Stock,$96.41,-0.18,-0.186%,14787722228.00,United States,2016,3122727,Technology,Computer Software: Prepackaged Software
TXT,Textron Inc. Common Stock,$83.34,-1.57,-1.849%,15460535494.00,United States,,1391082,Industrials,Aerospace
TYL,Tyler Technologies Inc. Common Stock,$601.19,4.09,0.685%,25730081316.00,United States,,225405,Technology,Computer Software: Prepackaged Software
UBER,Uber Technologies Inc. Common Stock,$69.33,-3.92,-5.352%,145988827502.00,United States,2019,45213773,Consumer Discretionary,Business Services
UBS,UBS Group AG Registered Ordinary Shares,$31.87,0.24,0.759%,110270200000.00,Switzerland,2014,982411,Finance,Major Banks
UDR,UDR Inc. Common Stock,$44.44,0.13,0.293%,14663431066.00,United States,,1598259,Real Estate,Real Estate Investment Trusts
UHAL,U-Haul Holding Company Common Stock,$68.14,-0.72,-1.046%,13360746743.00,United States,2022,100063,Consumer Discretionary,Rental/Leasing Companies
UHS,Universal Health Services Inc. Common Stock,$197.94,-3.75,-1.859%,13057240365.00,United States,,658032,Health Care,Hospital/Nursing Management
UI,Ubiquiti Inc. Common Stock,$335.22,0.08,0.024%,20270912630.00,United States,,67555,Technology,Radio And Television Broadcasting And Communications Equipment
UL,Unilever PLC Common Stock,$57.90,0.50,0.871%,144004194674.00,United Kingdom,,3623933,Consumer Discretionary,Package Goods/Cosmetics
ULS,UL Solutions Inc. Class A Common Stock,$50.60,0.63,1.261%,10125959061.00,United States,2024,747980,Health Care,Precision Instruments
UMC,United Microelectronics Corporation (NEW) Common Stock,$6.94,0.16,2.36%,17391393158.00,Taiwan,,13013315,Technology,Semiconductors
UNM,Unum Group Common Stock,$72.58,-0.61,-0.833%,13253971557.00,United States,,1306403,Finance,Accident &Health Insurance
UNP,Union Pacific Corporation Common Stock,$234.41,-1.16,-0.492%,142112615935.00,United States,,1401351,Industrials,Railroads
UPS,United Parcel Service Inc. Common Stock,$135.13,1.06,0.791%,115315828373.00,United States,1999,4037828,Industrials,Trucking Freight/Courier Services
URI,United Rentals Inc. Common Stock,$832.94,-3.06,-0.366%,54659504364.00,United States,1997,478768,Consumer Discretionary,Diversified Commercial Services
USB,U.S. Bancorp Common Stock,$50.61,0.71,1.423%,78953205096.00,United States,,7472040,Finance,Major Banks
USFD,US Foods Holding Corp. Common Stock,$65.37,0.70,1.082%,15227202100.00,United States,2016,1693410,Consumer Discretionary,Food Distributors
VALE,VALE S.A.  American Depositary Shares Each Representing one common share,$10.03,0.22,2.243%,42828100000.00,Brazil,,27526774,Basic Materials,Metal Mining
VEEV,Veeva Systems Inc. Class A Common Stock,$213.68,0.32,0.15%,34602016521.00,United States,2013,1016972,Technology,Computer Software: Prepackaged Software
VICI,VICI Properties Inc. Common Stock,$31.89,0.22,0.695%,33617613484.00,United States,2018,4798001,Real Estate,Real Estate Investment Trusts
VIK,Viking Holdings Ltd Ordinary Shares,$45.39,0.05,0.11%,19583743539.00,,2024,3173517,Consumer Discretionary,Marine Transportation
VIV,Telefonica Brasil S.A. American Depositary Shares (Each representing One Common Share),$8.98,-0.06,-0.664%,14840243473.00,Brazil,2020,821594,Telecommunications,Telecommunications Equipment
VLO,Valero Energy Corporation Common Stock,$144.01,3.85,2.747%,45591438684.00,United States,,2465319,Energy,Integrated oil Companies
VLTO,Veralto Corp Common Stock ,$102.84,0.16,0.156%,25433131581.00,United States,2023,1158926,Industrials,Electrical Products
VMC,Vulcan Materials Company (Holding Company) Common Stock,$278.74,-0.54,-0.193%,36810755334.00,United States,,491553,Industrials,Mining & Quarrying of Nonmetallic Minerals (No Fuels)
VRT,Vertiv Holdings LLC Class A Common Stock,$123.02,2.15,1.779%,46173833736.00,United States,2018,7583753,Technology,Industrial Machinery/Components
VST,Vistra Corp. Common Stock,$146.63,4.48,3.152%,49887370492.00,United States,,5743992,Utilities,Electric Utilities: Central
VTR,Ventas Inc. Common Stock,$63.86,0.26,0.409%,26779979967.00,United States,,2490022,Real Estate,Real Estate Investment Trusts
WAB,Westinghouse Air Brake Technologies Corporation Common Stock,$195.46,0.29,0.149%,33597545907.00,United States,,661068,Industrials,Railroads
WAT,Waters Corporation Common Stock,$355.47,-2.99,-0.834%,21106448572.00,United States,1995,463130,Industrials,Biotechnology: Laboratory Analytical Instruments
WBS,Webster Financial Corporation Common Stock,$60.53,0.46,0.766%,10375469393.00,United States,,1366653,Finance,Major Banks
WCN,Waste Connections Inc. Common Shares,$186.01,2.51,1.368%,47997540680.00,Canada,,1005642,Utilities,Environmental Services
WDS,Woodside Energy Group Limited American Depositary Shares each representing one Ordinary Share,$15.86,0.49,3.188%,30114171368.00,Australia,2022,1865984,Energy,Oil & Gas Production
WEC,WEC Energy Group Inc. Common Stock,$99.28,1.30,1.327%,31407669399.00,United States,,1958973,Utilities,Power Generation
WELL,Welltower Inc. Common Stock,$137.01,0.99,0.728%,85314691546.00,United States,,2330702,Real Estate,Real Estate Investment Trusts
WES,Western Midstream Partners LP Common Units Representing Limited Partner Interests,$38.03,-0.17,-0.445%,14472522889.00,United States,2012,1922379,Utilities,Natural Gas Distribution
WIT,Wipro Limited Common Stock,$6.70,-0.02,-0.298%,35008426248.00,India,,4192709,Technology,EDP Services
WLK,Westlake Corporation Common Stock,$127.04,0.38,0.30%,16350784705.00,United States,2004,434969,Industrials,Major Chemicals
WM,Waste Management Inc. Common Stock,$218.31,0.41,0.188%,87622111256.00,United States,,986744,Utilities,Environmental Services
WMB,Williams Companies Inc. (The) Common Stock,$57.86,1.31,2.317%,70532022632.00,United States,,8605110,Utilities,Natural Gas Distribution
WMS,Advanced Drainage Systems Inc. Common Stock,$133.23,1.81,1.377%,10330140998.00,United States,2014,663011,Consumer Discretionary,Containers/Packaging
WPC,W. P. Carey Inc. REIT,$56.23,0.46,0.825%,12305795150.00,United States,,1023801,Real Estate,Real Estate Investment Trusts
WPM,Wheaton Precious Metals Corp Common Shares (Canada),$60.90,2.23,3.801%,27628242531.00,Canada,,1820581,Basic Materials,Precious Metals
WPP,WPP plc American Depositary Shares,$51.61,0.16,0.311%,11132839394.00,Ireland,,155256,Consumer Discretionary,Advertising
WRB,W.R. Berkley Corporation Common Stock,$60.83,0.09,0.148%,23180434570.00,United States,,1330259,Finance,Property-Casualty Insurers
WSM,Williams-Sonoma Inc. Common Stock (DE),$133.89,3.24,2.48%,16915574500.00,United States,,2762082,Consumer Discretionary,Home Furnishings
WSO,Watsco Inc. Common Stock,$527.17,6.43,1.235%,21288006555.00,United States,,181666,Consumer Discretionary,Industrial Machinery/Components
WST,West Pharmaceutical Services Inc. Common Stock,$307.21,-7.28,-2.315%,22248869836.00,United States,,592102,Health Care,Medical/Dental Instruments
WTRG,Essential Utilities Inc. Common Stock,$38.81,0.21,0.544%,10657637076.00,United States,,1156861,Utilities,Water Supply
WY,Weyerhaeuser Company Common Stock,$31.02,0.09,0.291%,22538573640.00,United States,,1918330,Real Estate,Real Estate Investment Trusts
XPEV,XPeng Inc. American depositary shares each representing two Class A ordinary shares,$13.01,0.27,2.119%,12264768205.00,China,2020,12359315,Consumer Discretionary,Auto Manufacturing
XPO,XPO Inc. Common Stock,$144.47,-1.32,-0.905%,16816581048.00,United States,,1357104,Consumer Discretionary,Transportation Services
XYL,Xylem Inc. Common Stock New,$122.46,0.68,0.558%,29751008329.00,United States,2011,1459279,Industrials,Fluid Controls
YPF,YPF Sociedad Anonima Common Stock,$34.94,2.55,7.873%,13742348987.00,Argentina,1993,4035197,Energy,Integrated oil Companies
YUM,Yum! Brands Inc.,$134.01,0.42,0.314%,37398419155.00,United States,,1444392,Consumer Discretionary,Restaurants
YUMC,Yum China Holdings Inc. Common Stock,$47.66,0.45,0.953%,18099562296.00,United States,2016,1254339,Consumer Discretionary,Restaurants
ZBH,Zimmer Biomet Holdings Inc. Common Stock,$113.02,0.48,0.427%,22499310930.00,United States,,1887963,Health Care,Industrial Specialties
ZTO,ZTO Express (Cayman) Inc. American Depositary Shares each representing one Class A ordinary share.,$20.80,-0.27,-1.281%,16907626590.00,China,2016,5164646,Industrials,Trucking Freight/Courier Services
ZTS,Zoetis Inc. Class A Common Stock,$176.42,1.28,0.731%,79594531241.00,United States,2013,3172861,Health Care,Biotechnology: Pharmaceutical Preparations
